IP,site_location
10.63.43.114,HOV.Jargalant_JargalanHothon_9davharBair_NMD110
10.60.29.155,BZD._11hor_Tuulzurlug_ULN
10.63.63.26,UMG.HanBogd_Tsagaanhad_EcoTravelLogistic_MP23
10.60.29.116,SEL.Orhon_Mobi
10.63.100.195,SHD.BarilgaSorilShinleliinTuv_NMD_ULN
10.63.67.40,SHD._31hor_Gerhoroolol_Skytel_NMD_ULN
10.61.48.44,GOA.Bugat_Mobi_NMD40
10.63.156.66,HEN.Tsenhermandal_Mobi
10.63.46.226,ZAV.Uliastai_ElitApartment_ID150
10.61.37.45,DAR.Hongor_Holboo_NMD
10.63.35.218,ORH.BayanUndur_holboo_node
10.63.89.228,HUD._3hor_OBPlastic_TechRoom_NMD110_ULN
10.63.93.58,UMG.Gurvantes_UsuhZoosUurhai_TPD55
10.63.67.46,SHD._43hor_Altain2_191toot_MP25_ULN
10.61.93.60,UMG.SEVREI_UNITEL_RENT_NMD
10.63.48.235,GOA._Tonhil_Holboo_NMD40
10.63.135.26,ORH.BayanUndur_ErdenetIhdelguur_MP23
10.63.45.146,UVS.Davst_BorshooBoomt_SMP22
10.63.171.147,SHD._20hor_13aBair_NMD40_ULN
10.63.33.146,ARH.Erdenebulgan_MW182
10.63.151.234,SUH.Suhbaatar_MHSuljee_ID150
10.63.171.131,SHD._11hor_TahiltAm_NMD_ULN
10.60.28.19,TUV.Bornuur_Mobi
10.60.20.132,BUL.HishigUndur_SoyoliinTuv
10.63.70.132,SHD._6hor_SodonHoroolol115bair_ULN
10.63.95.226,BGD._10hor_Emart4_Indoor_MP23_ULN
10.63.108.226,BZD._11hor_AyanzalaatHotel_MP24_ULN
10.63.19.98,TUV.Sergelen_HairhanZurlug_ID150
10.63.21.171,BND.MW204_ULN
10.63.43.50,HOV.Jargalant_TsambagaravBag_SharsumOroi_MP23
10.63.69.228,SHD._20hor_10bair_MongolHyundai_NMD110_ULN
10.63.121.2,HUD._4hor_MandalaGarden_1489bair_MP24_ULN
10.61.49.180,SEL.Orhon_BelenDalai_Unitel
10.63.37.44,DAR.Darhan_GoldenRose_NMD
10.61.49.45,SEL.Zuunburen_Yandan_NMD
10.63.135.18,ORH.BayanUndur_10bag_Naran37_2Toot_MP23
10.63.43.123,HOV.Jargalant_GerHoroolol_Skytel_NMD
10.61.98.60,HUV.Murun_11bag_17_10toot_Unitel_TPD55
10.63.124.130,SHD._2hor_ShineTolgoitHothon_106Bair__MP25_ULN
10.63.114.104,BZD._11hor_NogoonZoori1_2toot_MP23_ULN
10.63.171.42,SEL.Mandal_ZuunharaaPolitechnicalCollage_MP25
10.63.63.10,UMG.HanBogd_HairhanBag_TaivanZogsool_MP23
10.63.120.98,BZD._10hor_HitHouseHotel_MP25_ULN
10.60.27.116,HEN.Berh_SoyoliinTuv
10.63.117.212,TUV.Sergelen_MW2k_node
10.63.93.98,UMG.Gurvantes_Mak_NoitonUildver_MP23
10.63.96.2,HUD._3hor_57Bair_MP23_ULN
10.63.114.130,TUV.Sergelen_ZuunTavanTolgoi_Tulsh_SMP22
10.60.26.156,ORH.BayanUndur_TsahilgaanShugamSuljee
10.63.120.8,BZD._11Horoo_TurHurahAm_Unitel_MP25_ULN
10.60.36.252,CHD._16xor_Khailaast_DU_LLC_NMD30_ULN
10.63.32.218,UVH._Harhorin_GerComplex_SMP23
10.63.63.235,UMG.Hanbogd_TogooUul
10.63.94.162,SBD._1hor_HuuhdiinPark_NuurZuun_ULN
10.61.49.4,SEL.Bayangol_174rUrtuu_NMD
10.63.137.34,DAR.Darhan_2bag_Tosgon
10.63.121.226,NAD._EruulMendiinTuv_SMP22_ULN
10.63.43.90,HOV.Manhan_RTV_NMD110
10.63.135.234,ORH.Bayanundur_SportKompleks_IOMD150
10.63.6.218,BZD._2hor_13_2_GeneralSUH_NMD40_ULN
10.63.68.155,BZD._3hor_EnerelTown24bair_MOS42_ULN
10.63.78.232,HUD.KhanHills533bair_MP24_ULN
10.63.38.34,HUV.Hatgal_Holboo_SMP23
10.63.134.242,BUL.Bulgan_ZuunUrdGerHoroolol_Unitel_IOMD150
10.63.37.50,DAR.Darhan_7bag_Gerhoroolol
10.63.124.162,SBD._10hor_100ail_Atlas19Bair_ULN
10.60.21.220,HOV.Uench_SurguuliinDotuurBair
10.63.67.3,BGD._11hor_ZuragtRTV_NMD110_ULN
10.63.45.99,UVS.Ulaangom_Stadion
10.63.113.34,BZD._16hor_66B_ConfortMGLSUH_ISS100_ULN
10.63.89.195,HUD._2hor_Misheel_84bair_MOS42_ULN
10.60.20.212,BUL.HutagUndur_Holboo
10.63.36.218,SEL.Suhbaatar_SportKompleks_ID150
10.63.73.131,BZD._13horoolol_5rbair_NMD40_ULN
10.60.29.108,SEL.Saihan_Hutul_Holboo
10.63.36.34,SEL.Eruu_Mobi
10.63.64.226,BZD._1XOR_12XOROOLOL_6A_BAIR_NMD30_ULN
10.63.66.98,SHD._41hor_Monlaa1_43Toot_MP24_ULN
10.63.99.34,BGD._3hor_Barszah_SMP22_ULN
10.63.51.50,DOR._Halhgol_JukovTolgoi_GMobile_SMP22
10.60.27.252,SUH.Munhhaan_holboo
10.63.6.139,BZD._Sansar2Bair_Zuun4Zam_NMD110_ULN
